章节,人物
Chapter30,杜慎卿
Chapter30,季葦蕭
Chapter30,鮑廷璽
Chapter30,葦兄
Chapter30,宗
Chapter31,韋四
Chapter31,杜少卿
Chapter31,鮑廷璽
Chapter31,王鬍子
Chapter31,婁
Chapter32,杜少卿
Chapter32,王鬍子
Chapter32,張俊民
Chapter32,婁
Chapter32,鮑廷璽
Chapter33,杜少卿
Chapter33,遲衡山
Chapter33,季葦蕭
Chapter33,盧
Chapter33,李
Chapter34,莊紹光
Chapter34,杜少卿
Chapter34,遲衡山
Chapter34,高
Chapter34,季葦蕭
Chapter35,莊徵君
Chapter35,徐
Chapter35,盧信侯
Chapter35,莊尚志
Chapter35,遲衡山
Chapter36,虞
Chapter36,杜少卿
Chapter36,祁太公
Chapter36,祁
Chapter36,莊徵君
Chapter37,虞
Chapter37,金東崖
Chapter37,杜少卿
Chapter37,遲均贊
Chapter37,杜儀
Chapter38,郭孝子
Chapter38,尤公
Chapter38,杜少卿
Chapter38,武書
Chapter38,虞
Chapter39,蕭雲仙
Chapter39,少保
Chapter39,郭孝子
Chapter39,木耐
Chapter39,蕭昊軒
Chapter40,蕭雲仙
Chapter40,木耐
Chapter40,沈
Chapter40,沈瓊枝
Chapter40,宋為富
Chapter41,沈瓊枝
Chapter41,杜少卿
Chapter41,莊紹光
Chapter41,莊濯江
Chapter41,姚
Chapter42,王義安
Chapter42,湯
Chapter42,鮑廷璽
Chapter42,葛來官
Chapter42,嚴世兄
Chapter43,馮君瑞
Chapter43,臧歧
Chapter43,湯鎮臺
Chapter43,雷太守
Chapter43,湯
Chapter44,余
Chapter44,蕭柏泉
Chapter44,杜少卿
Chapter44,湯鎮臺
Chapter44,方
Chapter45,余
Chapter45,余二
Chapter45,余持
Chapter45,余殷
Chapter45,張雲峰
Chapter46,余
Chapter46,虞華軒
Chapter46,杜少卿
Chapter46,虞
Chapter46,唐二棒椎
Chapter47,成
Chapter47,虞華軒
Chapter47,余
Chapter47,虞
Chapter47,方老六
Chapter48,王玉輝
Chapter48,余
Chapter48,鄧質夫
Chapter48,虞
Chapter48,王
Chapter49,萬中書
Chapter49,高翰林
Chapter49,秦中書
Chapter49,遲衡山
Chapter49,武
Chapter50,鳳四
Chapter50,秦中書
Chapter50,萬中書
Chapter50,高翰林
Chapter50,施御史
